"V1","V2","V3","V4"
"ACCESS-CM2","126","2041-2060","bio"
"ACCESS-CM2","126","2061-2080","bio"
"ACCESS-CM2","245","2041-2060","bio"
"ACCESS-CM2","245","2061-2080","bio"
"ACCESS-CM2","370","2041-2060","bio"
"ACCESS-CM2","370","2061-2080","bio"
"ACCESS-CM2","585","2041-2060","bio"
"ACCESS-CM2","585","2061-2080","bio"
"EC-Earth3-Veg","126","2041-2060","bio"
"EC-Earth3-Veg","126","2061-2080","bio"
"EC-Earth3-Veg","245","2041-2060","bio"
"EC-Earth3-Veg","245","2061-2080","bio"
"EC-Earth3-Veg","370","2041-2060","bio"
"EC-Earth3-Veg","370","2061-2080","bio"
"EC-Earth3-Veg","585","2041-2060","bio"
"EC-Earth3-Veg","585","2061-2080","bio"
"INM-CM5-0","126","2041-2060","bio"
"INM-CM5-0","126","2061-2080","bio"
"INM-CM5-0","245","2041-2060","bio"
"INM-CM5-0","245","2061-2080","bio"
"INM-CM5-0","370","2041-2060","bio"
"INM-CM5-0","370","2061-2080","bio"
"INM-CM5-0","585","2041-2060","bio"
"INM-CM5-0","585","2061-2080","bio"
"MPI-ESM1-2-HR","126","2041-2060","bio"
"MPI-ESM1-2-HR","126","2061-2080","bio"
"MPI-ESM1-2-HR","245","2041-2060","bio"
"MPI-ESM1-2-HR","245","2061-2080","bio"
"MPI-ESM1-2-HR","370","2041-2060","bio"
"MPI-ESM1-2-HR","370","2061-2080","bio"
"MPI-ESM1-2-HR","585","2041-2060","bio"
"MPI-ESM1-2-HR","585","2061-2080","bio"
"MRI-ESM2-0","126","2041-2060","bio"
"MRI-ESM2-0","126","2061-2080","bio"
"MRI-ESM2-0","245","2041-2060","bio"
"MRI-ESM2-0","245","2061-2080","bio"
"MRI-ESM2-0","370","2041-2060","bio"
"MRI-ESM2-0","370","2061-2080","bio"
"MRI-ESM2-0","585","2041-2060","bio"
"MRI-ESM2-0","585","2061-2080","bio"
